ticker,category,direction,earnings_date,entry_date,exit_date,entry_price,exit_price,raw_return_pct,trade_return_pct,spy_return_pct,excess_return_pct,surprise_pct,trade_return,date,cumulative_return,benchmark_cumulative
NVDA,Beat,Long,2025-04-30,2025-05-01,2025-05-08,111.58370208740234,117.34235382080078,5.1608358798561405,5.1608358798561405,1.1800223937625587,3.9808134860935818,8.02,5.1608358798561405,2025-05-01,2.590686066278436,1.1800223937625587
WMT,Beat,Long,2025-04-30,2025-05-01,2025-05-08,96.36933135986328,96.38912200927734,0.02053625270073134,0.02053625270073134,1.1800223937625587,-1.1594861410618273,5.6399997,0.02053625270073134,2025-05-01,2.590686066278436,1.1800223937625587
INTC,Miss,Short,2025-06-30,2025-07-01,2025-07-09,22.850000381469727,23.440000534057617,2.5820575174534843,-2.5820575174534843,1.037793349002003,-3.6198508664554874,-200.0,-2.5820575174534843,2025-07-01,3.3420314519848615,2.230061936683758
GS,Beat,Long,2025-06-30,2025-07-01,2025-07-09,695.5712890625,685.8238525390625,-1.4013569387798075,-1.4013569387798075,1.037793349002003,-2.4391502877818105,12.91,-1.4013569387798075,2025-07-01,3.3420314519848615,2.230061936683758
JPM,Beat,Long,2025-06-30,2025-07-01,2025-07-09,284.86981201171875,279.0962829589844,-2.0267254757400766,-2.0267254757400766,1.037793349002003,-3.0645188247420796,10.62,-2.0267254757400766,2025-07-01,3.3420314519848615,2.230061936683758
GOOGL,Beat,Long,2025-06-30,2025-07-01,2025-07-09,175.44451904296875,176.22276306152344,0.4435841158218823,0.4435841158218823,1.037793349002003,-0.5942092331801208,5.6700002,0.4435841158218823,2025-07-01,3.3420314519848615,2.230061936683758
META,Beat,Long,2025-06-30,2025-07-01,2025-07-09,717.5348510742188,731.0631103515625,1.8853800978573476,1.8853800978573476,1.037793349002003,0.8475867488553446,20.959999,1.8853800978573476,2025-07-01,3.3420314519848615,2.230061936683758
DIS,Beat,Long,2025-06-30,2025-07-01,2025-07-09,122.66009521484376,119.79945373535156,-2.332169622469049,-2.332169622469049,1.037793349002003,-3.369962971471052,11.3000005,-2.332169622469049,2025-07-01,3.3420314519848615,2.230061936683758
MSFT,Beat,Long,2025-06-30,2025-07-01,2025-07-09,489.2080993652344,500.60198974609375,2.3290477806159338,2.3290477806159338,1.037793349002003,1.2912544316139307,8.09,2.3290477806159338,2025-07-01,3.3420314519848615,2.230061936683758
AAPL,Beat,Long,2025-06-30,2025-07-01,2025-07-09,206.99880981445312,210.30564880371097,1.5975159433148312,1.5975159433148312,1.037793349002003,0.5597225943128281,10.12,1.5975159433148312,2025-07-01,3.3420314519848615,2.230061936683758
PFE,Beat,Long,2025-06-30,2025-07-01,2025-07-09,23.404468536376953,23.890504837036133,2.076681638396294,2.076681638396294,1.037793349002003,1.0388882893942908,35.939997,2.076681638396294,2025-07-01,3.3420314519848615,2.230061936683758
UNH,Miss,Short,2025-06-30,2025-07-01,2025-07-09,319.4473571777344,296.69403076171875,-7.122715497488407,7.122715497488407,1.037793349002003,6.084922148486404,-8.229999000000001,7.122715497488407,2025-07-01,3.3420314519848615,2.230061936683758
AMZN,Beat,Long,2025-06-30,2025-07-01,2025-07-09,220.4600067138672,222.5399932861328,0.9434756912464426,0.9434756912464426,1.037793349002003,-0.09431765775556045,26.13,0.9434756912464426,2025-07-01,3.3420314519848615,2.230061936683758
WMT,Miss,Short,2025-07-31,2025-08-01,2025-08-08,97.67337036132812,102.86992645263672,5.320340715268346,-5.320340715268346,2.486657950999871,-7.806998666268217,-7.969999999999999,-5.320340715268346,2025-08-01,-2.1561167233405065,4.772173900144394
INTC,Beat,Long,2025-09-30,2025-10-01,2025-10-08,35.939998626708984,37.43000030517578,4.145803381749413,4.145803381749413,0.6971243665792715,3.448679015170142,200.0,4.145803381749413,2025-10-01,-2.385440814188089,5.502566253797103
KO,Beat,Long,2025-09-30,2025-10-01,2025-10-08,65.86135864257812,65.21044158935547,-0.9883140382133782,-0.9883140382133782,0.6971243665792715,-1.6854384047926496,5.3200003,-0.9883140382133782,2025-10-01,-2.385440814188089,5.502566253797103
META,Miss,Short,2025-09-30,2025-10-01,2025-10-08,716.142333984375,716.6414794921875,0.06969920421202591,-0.06969920421202591,0.6971243665792715,-0.7668235707912974,-84.33999399999999,-0.06969920421202591,2025-10-01,-2.385440814188089,5.502566253797103
MSFT,Beat,Long,2025-09-30,2025-10-01,2025-10-08,517.557861328125,522.676513671875,0.989000984472499,0.989000984472499,0.6971243665792715,0.2918766178932275,12.73,0.989000984472499,2025-10-01,-2.385440814188089,5.502566253797103
PFE,Beat,Long,2025-09-30,2025-10-01,2025-10-08,25.8715763092041,24.41683578491211,-5.622929607789118,-5.622929607789118,0.6971243665792715,-6.320053974368389,37.43,-5.622929607789118,2025-10-01,-2.385440814188089,5.502566253797103
TSLA,Miss,Short,2025-09-30,2025-10-01,2025-10-08,459.4599914550781,438.69000244140625,-4.520521786433407,4.520521786433407,0.6971243665792715,3.8233974198541354,-10.5299994,4.520521786433407,2025-10-01,-2.385440814188089,5.502566253797103
NFLX,Miss,Short,2025-09-30,2025-10-01,2025-10-08,117.08999633789062,121.4250030517578,3.7022861469373503,-3.7022861469373503,0.6971243665792715,-4.399410513516622,-15.79,-3.7022861469373503,2025-10-01,-2.385440814188089,5.502566253797103
CVX,Beat,Long,2025-09-30,2025-10-01,2025-10-08,151.3916778564453,150.5690155029297,-0.5433999841759518,-0.5433999841759518,0.6971243665792715,-1.2405243507552233,8.3900005,-0.5433999841759518,2025-10-01,-2.385440814188089,5.502566253797103
GS,Beat,Long,2025-09-30,2025-10-01,2025-10-08,777.5430297851562,768.6343383789062,-1.1457489894432737,-1.1457489894432737,0.6971243665792715,-1.8428733560225452,10.4899995,-1.1457489894432737,2025-10-01,-2.385440814188089,5.502566253797103
DIS,Beat,Long,2025-09-30,2025-10-01,2025-10-08,112.19092559814452,111.13805389404295,-0.9384642282681877,-0.9384642282681877,0.6971243665792715,-1.635588594847459,8.42,-0.9384642282681877,2025-10-01,-2.385440814188089,5.502566253797103
BAC,Beat,Long,2025-09-30,2025-10-01,2025-10-08,50.13457489013672,49.303611755371094,-1.6574652055723393,-1.6574652055723393,0.6971243665792715,-2.354589572151611,12.04,-1.6574652055723393,2025-10-01,-2.385440814188089,5.502566253797103
GOOGL,Beat,Long,2025-09-30,2025-10-01,2025-10-08,244.5677490234375,244.2881317138672,-0.11433122751746128,-0.11433122751746128,0.6971243665792715,-0.8114555940967327,26.88,-0.11433122751746128,2025-10-01,-2.385440814188089,5.502566253797103
AMZN,Beat,Long,2025-09-30,2025-10-01,2025-10-08,220.6300048828125,225.22000122070312,2.080404403892655,2.080404403892655,0.6971243665792715,1.3832800373133836,25.2,2.080404403892655,2025-10-01,-2.385440814188089,5.502566253797103
CRM,Beat,Long,2025-10-31,2025-11-03,2025-11-10,260.2679138183594,240.71844482421875,-7.511286622823654,-7.511286622823654,-0.27804289350372713,-7.233243729319927,13.55,-7.511286622823654,2025-11-03,-9.717550140240261,5.209223865864354
COST,Beat,Long,2025-12-01,2025-12-02,2025-12-09,919.43798828125,885.9423828125,-3.643052157477744,-3.643052157477744,0.22154436543453393,-3.864596522912278,5.21,-3.643052157477744,2025-12-02,-13.006586877680004,5.442308973256571
TSLA,Beat,Long,2025-12-31,2026-01-02,2026-01-09,438.0700073242187,445.010009765625,1.5842222305509246,1.5842222305509246,1.5955014668662448,-0.01127923631532024,10.96,1.5842222305509246,2026-01-02,-11.462550758852286,7.124642559622507
AMD,Beat,Long,2025-12-31,2026-01-02,2026-01-09,223.47000122070312,203.1699981689453,-9.08399469318889,-9.08399469318889,1.5955014668662448,-10.679496160055134,15.98,-9.08399469318889,2026-01-02,-11.462550758852286,7.124642559622507
PFE,Beat,Long,2025-12-31,2026-01-02,2026-01-09,24.36300468444824,24.653270721435547,1.1914213404580432,1.1914213404580432,1.5955014668662448,-0.4040801264082017,16.18,1.1914213404580432,2026-01-02,-11.462550758852286,7.124642559622507
AAPL,Beat,Long,2025-12-31,2026-01-02,2026-01-09,270.5074462890625,258.8890075683594,-4.295053197274179,-4.295053197274179,1.5955014668662448,-5.890554664140423,6.34,-4.295053197274179,2026-01-02,-11.462550758852286,7.124642559622507
MSFT,Beat,Long,2025-12-31,2026-01-02,2026-01-09,471.8630065917969,478.1885681152344,1.3405504214297759,1.3405504214297759,1.5955014668662448,-0.25495104543646896,5.6900002,1.3405504214297759,2026-01-02,-11.462550758852286,7.124642559622507
CVX,Beat,Long,2025-12-31,2026-01-02,2026-01-09,154.3896942138672,160.53955078125,3.9833336018295196,3.9833336018295196,1.5955014668662448,2.3878321349632747,5.1999997,3.9833336018295196,2026-01-02,-11.462550758852286,7.124642559622507
GOOGL,Beat,Long,2025-12-31,2026-01-02,2026-01-09,314.9283142089844,328.3388671875,4.258287481136569,4.258287481136569,1.5955014668662448,2.662786014270324,7.01,4.258287481136569,2026-01-02,-11.462550758852286,7.124642559622507
GS,Beat,Long,2025-12-31,2026-01-02,2026-01-09,909.5532836914062,934.064208984375,2.6948311585981655,2.6948311585981655,1.5955014668662448,1.0993296917319206,20.22,2.6948311585981655,2026-01-02,-11.462550758852286,7.124642559622507
META,Beat,Long,2025-12-31,2026-01-02,2026-01-09,649.8535766601562,652.5013427734375,0.40744041556086685,0.40744041556086685,1.5955014668662448,-1.188061051305378,8.0,0.40744041556086685,2026-01-02,-11.462550758852286,7.124642559622507
INTC,Beat,Long,2025-12-31,2026-01-02,2026-01-09,39.380001068115234,45.54999923706055,15.667846626700488,15.667846626700488,1.5955014668662448,14.072345159834242,81.51,15.667846626700488,2026-01-02,-11.462550758852286,7.124642559622507
NVDA,Beat,Long,2026-02-02,2026-02-03,2026-02-10,180.33023071289065,188.52978515625,4.5469660915668175,4.5469660915668175,0.3756094066910354,4.171356684875782,5.3200003,4.5469660915668175,2026-02-03,-9.89652044160837,7.527012793960597
CRM,Beat,Long,2026-02-02,2026-02-03,2026-02-10,195.8900909423828,192.96739196777344,-1.4920096062791766,-1.4920096062791766,0.3756094066910354,-1.867619012970212,24.85,-1.4920096062791766,2026-02-03,-9.89652044160837,7.527012793960597
HD,Beat,Long,2026-02-02,2026-02-03,2026-02-10,378.5690307617187,387.092041015625,2.251375458990168,2.251375458990168,0.3756094066910354,1.8757660522991326,7.8,2.251375458990168,2026-02-03,-9.89652044160837,7.527012793960597
CVX,Beat,Long,2026-03-31,2026-04-01,2026-04-09,197.41000366210935,190.36000061035156,-3.5712491368090404,-3.5712491368090404,3.765030107721601,-7.336279244530641,45.560002,-3.5712491368090404,2026-04-01,-4.454927874256997,11.575437199586869
MSFT,Beat,Long,2026-03-31,2026-04-01,2026-04-09,369.3699951171875,373.0700073242187,1.001708924910738,1.001708924910738,3.765030107721601,-2.763321182810863,5.2199997,1.001708924910738,2026-04-01,-4.454927874256997,11.575437199586869
INTC,Beat,Long,2026-03-31,2026-04-01,2026-04-09,48.029998779296875,61.720001220703125,28.50302475399451,28.50302475399451,3.765030107721601,24.73799464627291,200.0,28.50302475399451,2026-04-01,-4.454927874256997,11.575437199586869
UNH,Beat,Long,2026-03-31,2026-04-01,2026-04-09,273.9800109863281,306.9100036621094,12.019122328389308,12.019122328389308,3.765030107721601,8.254092220667708,9.52,12.019122328389308,2026-04-01,-4.454927874256997,11.575437199586869
GOOGL,Beat,Long,2026-03-31,2026-04-01,2026-04-09,297.3900146484375,318.489990234375,7.095051799530339,7.095051799530339,3.765030107721601,3.3300216918087377,91.59,7.095051799530339,2026-04-01,-4.454927874256997,11.575437199586869
AMD,Beat,Long,2026-03-31,2026-04-01,2026-04-09,210.2100067138672,236.63999938964844,12.573137258759104,12.573137258759104,3.765030107721601,8.808107151037504,5.82,12.573137258759104,2026-04-01,-4.454927874256997,11.575437199586869
TSLA,Beat,Long,2026-03-31,2026-04-01,2026-04-09,381.260009765625,345.6199951171875,-9.347955131813269,-9.347955131813269,3.765030107721601,-13.112985239534868,17.150000000000002,-9.347955131813269,2026-04-01,-4.454927874256997,11.575437199586869
META,Beat,Long,2026-03-31,2026-04-01,2026-04-09,579.22998046875,628.3900146484375,8.487135652043442,8.487135652043442,3.765030107721601,4.722105544321841,56.79,8.487135652043442,2026-04-01,-4.454927874256997,11.575437199586869
AMZN,Beat,Long,2026-03-31,2026-04-01,2026-04-09,210.57000732421875,233.6499938964844,10.960718891332387,10.960718891332387,3.765030107721601,7.195688783610787,68.17999999999999,10.960718891332387,2026-04-01,-4.454927874256997,11.575437199586869
JPM,Beat,Long,2026-03-31,2026-04-01,2026-04-09,293.87603759765625,310.3299865722656,5.598942026411957,5.598942026411957,3.765030107721601,1.8339119186903563,7.7800006,5.598942026411957,2026-04-01,-4.454927874256997,11.575437199586869
BAC,Beat,Long,2026-03-31,2026-04-01,2026-04-09,49.27000045776367,52.709999084472656,6.981933417390351,6.981933417390351,3.765030107721601,3.2169033096687505,8.7799996,6.981933417390351,2026-04-01,-4.454927874256997,11.575437199586869
KO,Beat,Long,2026-03-31,2026-04-01,2026-04-09,76.08000183105469,78.18000030517578,2.760250293874078,2.760250293874078,3.765030107721601,-1.0047798138475228,5.88,2.760250293874078,2026-04-01,-4.454927874256997,11.575437199586869
GS,Beat,Long,2026-03-31,2026-04-01,2026-04-09,860.2100219726562,903.719970703125,5.058061126826985,5.058061126826985,3.765030107721601,1.293031019105384,7.06,5.058061126826985,2026-04-01,-4.454927874256997,11.575437199586869
XOM,Beat,Long,2026-03-31,2026-04-01,2026-04-09,159.69607543945312,153.99476623535156,-3.5700997588153927,-3.5700997588153927,3.765030107721601,-7.3351298665369935,15.14,-3.5700997588153927,2026-04-01,-4.454927874256997,11.575437199586869
